<?xml version="1.0" encoding="UTF-8"?>
<beans xmlns="http://www.springframework.org/schema/beans"
	xmlns:xsi="http://www.w3.org/2001/XMLSchema-instance"
	xsi:schemaLocation="http://www.springframework.org/schema/beans http://www.springframework.org/schema/beans/spring-beans.xsd">
	
	<bean class="com.constexample.Address" id="address">
		<constructor-arg value="1231"></constructor-arg>
		<constructor-arg value="Pune"></constructor-arg>
		<constructor-arg value="412323"></constructor-arg>
	</bean>

	<bean class="com.constexample.Employee" id="addr" autowire="constructor">
		<constructor-arg value="234" index="0"></constructor-arg>
		<constructor-arg value="Akash" index="1"></constructor-arg>
	</bean>
	
</beans>