<?xml version="1.0" encoding="UTF-8"?>
<beans xmlns="http://www.springframework.org/schema/beans"
    xmlns:xsi="http://www.w3.org/2001/XMLSchema-instance"
    xsi:schemaLocation="
        http://www.springframework.org/schema/beans http://www.springframework.org/schema/beans/spring-beans.xsd">
<bean id="emp" class="com.example.Employee" init-method="afterPropertiesSet" destroy-method="destroy">
<property name="id" value="23"></property>
<property name="name" value="Nikhil"></property>
</bean>  
<!--  <bean id="emp" class="com.example.Employee" scope="prototype"></bean>  -->
</beans>