<?xml version="1.0" encoding="UTF-8"?>
<beans xmlns="http://www.springframework.org/schema/beans"
    xmlns:xsi="http://www.w3.org/2001/XMLSchema-instance"
    xsi:schemaLocation="
        http://www.springframework.org/schema/beans http://www.springframework.org/schema/beans/spring-beans.xsd">

    <!-- bean definitions here -->
<bean  id="emp" class="com.cg.example.Spring_XML_Config.Employee" >
<property name="eid" value="1001"></property>
<property name="ename" value="Nikhil"></property>
<property name="salary" value="26000"></property>
</bean>

<bean id="dept" class="com.cg.example.Spring_XML_Config.Department">
<constructor-arg name="deptid" value="1233"/>
<constructor-arg name="dname" value="it"/>
<constructor-arg name="location" value="Mumbai"/>
</bean>
</beans>